<?xml version="1.0" encoding="UTF-8" ?>
<!DOCTYPE mapper PUBLIC "-//mybatis.org//DTD Mapper 3.0//EN" "http://mybatis.org/dtd/mybatis-3-mapper.dtd">

<mapper namespace="com.library.lis.mapper.BookLendRankMapper">

    <resultMap id="resultMap" type="BookLendRank">
        <result property="createBy" column="create_by"/>
        <result property="createDate" column="create_date"/>
        <result property="updateBy" column="update_by"/>
        <result property="updateDate" column="update_date"/>
    </resultMap>

    <select id="pageList" parameterType="com.library.common.Pager" resultMap="resultMap">
        SELECT * FROM book_lend_rank t
        <where>
            <if test="data.rank != null and data.rank != ''">
                t.rank = #{data.rank}
            </if>
        </where>
        ORDER BY t.rank DESC
        LIMIT #{start}, #{pageSize}
    </select>

    <select id="count" parameterType="com.library.common.Pager" resultType="int">
        SELECT count(1) FROM book_lend_rank t
        <where>
            <if test="data.rank != null and data.rank != ''">
                t.rank = #{data.rank}
            </if>
        </where>
    </select>

    <select id="exist" parameterType="String" resultType="int">
        SELECT count(1) FROM book_lend_rank t
        WHERE t.rank = #{rank}
    </select>

    <insert id="save" parameterType="com.library.lis.entity.BookLendRank" useGeneratedKeys="true" keyProperty="id">
        INSERT INTO book_lend_rank
                (rank, times, create_date, create_by)
        VALUES (#{rank},  #{times}, #{createDate}, #{createBy})
    </insert>

    <select id="findById" parameterType="long" resultMap="resultMap">
        SELECT *
        FROM book_lend_rank t
        WHERE t.id = #{id};
    </select>

    <update id="update" parameterType="com.library.lis.entity.BookLendRank">
        UPDATE book_lend_rank t
        SET t.times = #{times},
            t.update_date = #{updateDate},
            t.update_by = #{updateBy}
        WHERE t.id = #{id}
    </update>

    <select id="findAll" resultMap="resultMap">
        SELECT * FROM book_lend_rank t order by t.rank
    </select>

    <delete id="delete" parameterType="long">
            delete from book_lend_rank where id = #{id}
    </delete>


</mapper>