<?xml version="1.0" encoding="UTF-8" ?>
<!DOCTYPE mapper PUBLIC "-//mybatis.org//DTD Mapper 3.0//EN" "http://mybatis.org/dtd/mybatis-3-mapper.dtd">

<mapper namespace="com.library.lis.mapper.BookRecommendMapper">

    <resultMap id="resultMap" type="BookRecommend">
        <result property="bookName" column="book_name"/>
        <result property="picName" column="file_name"/>
        <result property="picPath" column="file_path"/>
        <result property="fileMD5" column="file_md5"/>
        <result property="createBy" column="create_by"/>
        <result property="createDate" column="create_date"/>
        <result property="updateBy" column="update_by"/>
        <result property="updateDate" column="update_date"/>
        <result property="status" column="status"/>
    </resultMap>

    <select id="pageList" parameterType="com.library.common.Pager" resultMap="resultMap">
        SELECT * FROM book_recommend t
        <where>
            <if test="data.status >= 0">
                t.status = #{data.status}
            </if>
        </where>
        ORDER BY t.create_date DESC
        LIMIT #{start}, #{pageSize}
    </select>

    <select id="count" parameterType="com.library.common.Pager" resultType="java.lang.Integer">
        SELECT count(1) FROM book_recommend t
        <!--<where>
            <if test="data.type != null and data.type != ''">
                t.type = #{data.type}
            </if>
        </where>-->
    </select>

    <insert id="save" parameterType="com.library.lis.entity.BookRecommend" useGeneratedKeys="true" keyProperty="id">
        INSERT INTO book_recommend
                (book_name, file_name, file_path, file_md5, status, create_by)
        values (#{bookName},  #{picName}, #{picPath}, #{fileMD5}, #{status}, #{createBy})
    </insert>

    <select id="findById" parameterType="long" resultMap="resultMap">
        SELECT *
        FROM book_recommend t
        where t.id = #{id};
    </select>

    <update id="update" parameterType="com.library.lis.entity.BookRecommend">
        UPDATE book_recommend t
        SET t.book_name = #{bookName},
            t.file_name = #{picName},
            t.file_path = #{picPath},
            t.file_md5 = #{fileMD5},
            t.status = #{status},
            t.update_date = #{updateDate},
            t.update_by = #{updateBy}
        WHERE t.id = #{id}
    </update>

    <update id="publishAllRecommend" parameterType="int">
        UPDATE book_recommend set
            status = #{status}
    </update>

</mapper>