<?xml version="1.0" encoding="UTF-8" ?>
<!DOCTYPE mapper PUBLIC "-//mybatis.org//DTD Mapper 3.0//EN" "http://mybatis.org/dtd/mybatis-3-mapper.dtd">

<mapper namespace="com.library.lis.mapper.BookLendMapper">

    <select id="getHalfYearMonthLend" resultType="com.library.lis.entity.BookLend">
        select datepart(yyyy,LendDate) year, datepart(mm,LendDate) month,count(LendDate) cnt
        from LendWork
        where LendDate between cast(convert(char(7),dateadd(mm, -5 ,getdate()),21)+'-01' as datetime )
                      and dateadd(day,-1 ,cast(CONVERT(VARCHAR(7),DATEADD(MONTH, 1, GETDATE()),121)+'-01' as datetime))
        group by datepart(yyyy,LendDate),datepart(mm,LendDate)
    </select>

    <select id="getHalfYearMonthBack" resultType="com.library.lis.entity.BookLend">
        select datepart(yyyy,BackDate) year, datepart(mm,BackDate) month,count(BackDate) cnt
        from LendWork
        where BackDate between cast(convert(char(7),dateadd(mm, -5 ,getdate()),21)+'-01' as datetime )
                      and dateadd(day,-1 ,cast(CONVERT(VARCHAR(7),DATEADD(MONTH, 1, GETDATE()),121)+'-01' as datetime))
        group by datepart(yyyy,BackDate),datepart(mm,BackDate)
    </select>

    <select id="getLendTop5Book" resultType="com.library.lis.entity.BookLendCount">
        SELECT  top 5 COUNT(a.LendDate) cnt, a.bcid bcid, a.title title
        FROM (
             SELECT l.bcid,l.LendDate,b.title FROM LendWork l INNER JOIN BookList b ON l.bcid = b.bcid
             ) a

        GROUP BY a.bcid, a.title ORDER BY COUNT(a.LendDate) Desc

    </select>

    <select id="getLendTop10Book" resultType="com.library.opac.entity.BookRank">

        select top 10 count(a.lendDate) cnt, a.bcid,a.title,a.writer, a.publish,a.isbn from (

        select lw.bcid,lw.lendDate,bl.title,bl.writer,bl.isbn, bl.pubid, p.publish from lendwork lw left join booklist bl on lw.bcid = bl.bcid
        left join publish p on bl.pubid = p.pubid

        ) a group by a.bcid,a.title,a.writer, a.publish,a.isbn order by count(a.lendDate) DESC

    </select>

</mapper>