<?xml version="1.0" encoding="UTF-8" ?>
<!DOCTYPE mapper PUBLIC "-//mybatis.org//DTD Mapper 3.0//EN" "http://mybatis.org/dtd/mybatis-3-mapper.dtd">

<mapper namespace="com.library.opac.mapper.BookMapper">

    <resultMap id="resultMap" type="BookRecommend">
        <result property="bookName" column="book_name"/>
        <result property="picName" column="file_name"/>
        <result property="picPath" column="file_path"/>
        <result property="fileMD5" column="file_md5"/>
        <result property="createBy" column="create_by"/>
        <result property="createDate" column="create_date"/>
        <result property="updateBy" column="update_by"/>
        <result property="updateDate" column="update_date"/>
        <result property="status" column="status"/>
    </resultMap>

    <select id="recommendBookList" parameterType="com.library.common.Pager" resultMap="resultMap">
        SELECT * FROM book_recommend t
        <where>
            <if test="data.status >= 0">
                t.status = #{data.status}
            </if>
        </where>
        ORDER BY t.create_date DESC
        LIMIT #{start}, #{pageSize}
    </select>

    <select id="pageList" parameterType="com.library.common.Pager" resultType="com.library.opac.entity.Book">
       select top ${pageSize} *
        from (select row_number()
        over(order by a.bid asc) as rownumber,*
        from
        ( select lw.bcid,lw.bid,bl.title,bl.writer,bl.isbn, bl.pubid, bl.publishdate, p.publish
                from bookClass lw
                left join booklist bl on lw.bcid = bl.bcid
                left join publish p on bl.pubid = p.pubid
                where left(lw.bcid, 1) = #{data.bcid}) a

        ) temp_row
        where rownumber> #{start};
    </select>

    <select id="count" parameterType="com.library.common.Pager" resultType="int">
        select count(lw.bid)
        from bookClass lw
        left join booklist bl on lw.bcid = bl.bcid
        left join publish p on bl.pubid = p.pubid
        where left(lw.bcid, 1) = #{data.bcid}
    </select>

    <select id="getBookById" parameterType="string" resultType="com.library.opac.entity.Book">
        select lw.bcid,lw.bid,lw.state,lw.pjh, bl.title,bl.writer,bl.isbn, bl.pubid, bl.publishdate, p.publish,sk.skName
        from bookClass lw
        left join booklist bl on lw.bcid = bl.bcid
        left join publish p on bl.pubid = p.pubid
         left join skList sk on sk.sk = lw.sk
        where lw.bid = #{bid}
    </select>

    <select id="searchPageList" parameterType="com.library.common.Pager" resultType="com.library.opac.entity.Book">
       select top ${pageSize} *
        from (select row_number()
        over(order by a.bid asc) as rownumber,*
            from
            ( select lw.bcid,lw.bid,lw.pjh,bl.title,bl.writer,bl.isbn, bl.pubid, bl.publishdate, p.publish,sk.skName
                    from bookClass lw
                    left join booklist bl on lw.bcid = bl.bcid
                    left join publish p on bl.pubid = p.pubid
                    left join skList sk on sk.sk = lw.sk
                    <where>
                        <if test="data.title != null and data.title != ''">
                          bl.title like '%${data.title}%'
                        </if>
                        <if test="data.isbn != null and data.isbn != ''">
                          bl.isbn like '%${data.isbn}%'
                        </if>
                        <if test="data.bcid != null and data.bcid != ''">
                          lw.bcid like '%${data.bcid}%'
                        </if>
                        <if test="data.writer != null and data.writer != ''">
                          bl.writer like '%${data.writer}%'
                        </if>
                    </where>

            ) a

        ) temp_row
        where rownumber> #{start};
    </select>

    <select id="searchCount" parameterType="com.library.common.Pager" resultType="int">
        select count(lw.bid)
        from bookClass lw
        left join booklist bl on lw.bcid = bl.bcid
        left join publish p on bl.pubid = p.pubid
        <where>
            <if test="data.title != null and data.title != ''">
                bl.title like '%${data.title}%'
            </if>
            <if test="data.isbn != null and data.isbn != ''">
                bl.isbn like '%${data.isbn}%'
            </if>
            <if test="data.bcid != null and data.bcid != ''">
                lw.bcid like '%${data.bcid}%'
            </if>
            <if test="data.writer != null and data.writer != ''">
                bl.writer like '%${data.writer}%'
            </if>
        </where>
    </select>
    
    <update id="bookLendOut" parameterType="string">
        update bookClass set  state = 1 where bid = #{bid}
    </update>

    <insert id="insertOrder" parameterType="com.library.opac.entity.BookOrder">
        insert into preengage
        (rid, bcid, preedate, isreader, kind)
        values
        (#{rid}, #{bcid}, #{preeDate}, #{isReader}, #{kind})
    </insert>

    <select id="lendingBook" resultType="com.library.opac.entity.LendWork">
      select top ${size} bl.bcid,bl.title,bl.writer,lw.lenddate, lw.returndate, lw.bid
      from lendwork lw left join booklist bl
      on lw.bcid = bl.bcid where lw.rid = #{rid} and lw.backdate is null
      order by lw.lenddate DESC
    </select>

    <select id="lendBookHistory" resultType="com.library.opac.entity.LendWork">
      select top ${size} bl.bcid,bl.title,bl.writer,lw.lenddate, lw.returndate, lw.backdate, lw.bid
      from lendwork lw left join booklist bl
      on lw.bcid = bl.bcid where lw.rid = #{rid}
      order by lw.lenddate DESC
    </select>

    <select id="bookOrderHistory" resultType="com.library.opac.entity.BookOrder">
       select top ${size} bl.title,bl.bcid,bl.writer, pa.preedate,pa.bid
       from preengage pa left join booklist bl
       on pa.bcid = bl.bcid where pa.rid = #{rid}
       order by pa.bid DESC,pa.preedate DESC

    </select>
</mapper>