<?xml version="1.0" encoding="UTF-8" ?>
<!DOCTYPE mapper PUBLIC "-//mybatis.org//DTD Mapper 3.0//EN" "http://mybatis.org/dtd/mybatis-3-mapper.dtd">

<mapper namespace="com.library.lis.mapper.BookClassOffsetMapper">

    <resultMap id="resultMap" type="BookClassOffset">
        <result property="createBy" column="create_by"/>
        <result property="createDate" column="create_date"/>
        <result property="updateBy" column="update_by"/>
        <result property="updateDate" column="update_date"/>
    </resultMap>

    <select id="pageList" parameterType="com.library.common.Pager" resultMap="resultMap">
        SELECT * FROM book_class_offset t
        <where>
            <if test="data.year != null and data.year != ''">
                t.year = #{data.year}
            </if>
        </where>
        ORDER BY t.year DESC
        LIMIT #{start}, #{pageSize}
    </select>

    <select id="count" parameterType="com.library.common.Pager" resultType="int">
        SELECT count(1) FROM book_class_offset t
        <where>
            <if test="data.year != null and data.year != ''">
                t.year = #{data.year}
            </if>
        </where>
    </select>

    <select id="exist" parameterType="com.library.lis.entity.BookClassOffset" resultType="int">
        SELECT count(1) FROM book_class_offset t
        WHERE t.year = #{year} and t.type = #{type}
    </select>

    <insert id="save" parameterType="com.library.lis.entity.BookClassOffset" useGeneratedKeys="true" keyProperty="id">
        INSERT INTO book_class_offset
                (year, type, offset,  create_date, create_by)
        VALUES (#{year}, #{type},  #{offset}, #{createDate}, #{createBy})
    </insert>

    <select id="findById" parameterType="long" resultMap="resultMap">
        SELECT *
        FROM book_class_offset t
        WHERE t.id = #{id};
    </select>

    <update id="update" parameterType="com.library.lis.entity.BookClassOffset">
        UPDATE book_class_offset t
        SET
            t.offset = #{offset},
            t.update_date = #{updateDate},
            t.update_by = #{updateBy}
        WHERE t.year = #{year} and t.type = #{type}
    </update>

    <select id="findByYear" parameterType="String" resultMap="resultMap">
        SELECT * FROM book_class_offset t
        WHERE t.year = #{year}
    </select>

    <select id="findByYearList" resultType="com.library.lis.entity.BookClassOffset">
        SELECT t.year,sum(t.offset) offset FROM book_class_offset t
        WHERE t.year in
        <foreach collection="array" item="item" open="(" separator="," close=")">
            #{item}
        </foreach>

        GROUP BY t.year
    </select>

    <delete id="delete" parameterType="long">
            delete from book_class_offset where id = #{id}
    </delete>

</mapper>