<?xml version="1.0" encoding="UTF-8" ?>
<!DOCTYPE mapper PUBLIC "-//mybatis.org//DTD Mapper 3.0//EN" "http://mybatis.org/dtd/mybatis-3-mapper.dtd">

<mapper namespace="com.library.lis.mapper.BookBorrowAmountMapper">

    <resultMap id="resultMap" type="BookBorrowAmount">
        <result property="createBy" column="create_by"/>
        <result property="createDate" column="create_date"/>
        <result property="updateBy" column="update_by"/>
        <result property="updateDate" column="update_date"/>
    </resultMap>

    <select id="pageList" parameterType="com.library.common.Pager" resultMap="resultMap">
        SELECT * FROM book_borrow_amount t
        <where>
            <if test="data.month != null and data.month != ''">
                t.month = #{data.month}
            </if>
        </where>
        ORDER BY t.month DESC
        LIMIT #{start}, #{pageSize}
    </select>

    <select id="count" parameterType="com.library.common.Pager" resultType="int">
        SELECT count(1) FROM book_borrow_amount t
        <where>
            <if test="data.month != null and data.month != ''">
                t.month = #{data.month}
            </if>
        </where>
    </select>

    <select id="exist" parameterType="String" resultType="int">
        SELECT count(1) FROM book_borrow_amount t
        WHERE t.month = #{month}
    </select>

    <insert id="save" parameterType="com.library.lis.entity.BookBorrowAmount" useGeneratedKeys="true" keyProperty="id">
        INSERT INTO book_borrow_amount
                (month, input, output, create_date, create_by)
        VALUES (#{month},  #{input}, #{output}, #{createDate}, #{createBy})
    </insert>

    <select id="findById" parameterType="long" resultMap="resultMap">
        SELECT *
        FROM book_borrow_amount t
        WHERE t.id = #{id};
    </select>

    <update id="update" parameterType="com.library.lis.entity.BookBorrowAmount">
        UPDATE book_borrow_amount t
        SET t.input = #{input},
            t.output = #{output},
            t.update_date = #{updateDate},
            t.update_by = #{updateBy}
        WHERE t.id = #{id}
    </update>


    <select id="findHalfYearMonthAmount" parameterType="java.util.List" resultMap="resultMap">
      SELECT * FROM book_borrow_amount t
      WHERE t.month in
      <foreach collection="list" item="item" open="(" separator="," close=")">
        #{item}
      </foreach>
    </select>


    <delete id="delete" parameterType="long">
            delete from book_borrow_amount where id = #{id}
    </delete>

</mapper>