<?xml version="1.0" encoding="UTF-8" ?>
<!DOCTYPE mapper PUBLIC "-//mybatis.org//DTD Mapper 3.0//EN" "http://mybatis.org/dtd/mybatis-3-mapper.dtd">

<mapper namespace="com.library.lis.mapper.CpsDataMapper">

    <resultMap id="resultMap" type="CpsData">
        <result property="createTime" column="create_time"/>
        <result property="seqId" column="seq_id"/>
        <result property="getIn" column="get_in"/>
        <result property="getOut" column="get_out"/>
    </resultMap>


    <insert id="save" parameterType="com.library.lis.entity.CpsData">
        INSERT INTO cps_data
                (cmd, code, get_in, get_out,time,seq_id,year, month, create_time)
        VALUES (#{cmd}, #{code}, #{getIn}, #{getOut},#{time}, #{seqId}, #{year}, #{month}, #{createTime})
    </insert>

    <select id="listMonthVisits" parameterType="int" resultMap="resultMap">
    select  a.month, a.cnt get_in from (
                select  t.month,sum(t.get_in) cnt from cps_data t
                where t.year=#{year} group by t.month
                order  by t.month, t.get_in DESC
        ) a group by a.month
    </select>


</mapper>