<?xml version="1.0" encoding="UTF-8" ?>
<!DOCTYPE mapper PUBLIC "-//mybatis.org//DTD Mapper 3.0//EN" "http://mybatis.org/dtd/mybatis-3-mapper.dtd">

<mapper namespace="com.library.lis.mapper.MediaRecommendMapper">

    <resultMap id="resultMap" type="MediaRecommend">
        <result property="fileType" column="file_type"/>
        <result property="fileName" column="file_name"/>
        <result property="remark" column="remark"/>
        <result property="fileMD5" column="file_md5"/>
        <result property="filePath" column="file_path"/>
        <result property="createBy" column="create_by"/>
        <result property="createDate" column="create_date"/>
        <result property="updateBy" column="update_by"/>
        <result property="updateDate" column="update_date"/>
        <result property="status" column="status"/>
    </resultMap>

    <select id="pageList" parameterType="com.library.common.Pager" resultMap="resultMap">
        SELECT * FROM media_recommend t
        <where>
            <if test="data.fileType >=0">
                t.file_type = #{data.fileType}
            </if>
            <if test="data.status >= 0">
                and t.status = #{data.status}
            </if>
        </where>
        ORDER BY t.status DESC, t.create_date DESC
        LIMIT #{start}, #{pageSize}
    </select>

    <select id="count" parameterType="com.library.common.Pager" resultType="java.lang.Integer">
        SELECT count(1) FROM media_recommend t
        <where>
            <if test="data.fileType >=0">
                t.file_type = #{data.fileType}
            </if>
            <if test="data.status >= 0">
                and t.status = #{data.status}
            </if>
        </where>
    </select>

    <insert id="save" parameterType="com.library.lis.entity.MediaRecommend" useGeneratedKeys="true" keyProperty="id">
        INSERT INTO media_recommend
                (file_type, file_name, file_path, file_md5, remark, status, create_by)
        values (#{fileType},  #{fileName}, #{filePath}, #{fileMD5}, #{remark}, #{status}, #{createBy})
    </insert>

    <select id="findById" parameterType="long" resultMap="resultMap">
        SELECT *
        FROM media_recommend t
        where t.id = #{id};
    </select>

    <update id="update" parameterType="com.library.lis.entity.MediaRecommend">
        UPDATE media_recommend t
        SET t.file_type = #{fileType},
            t.file_name = #{fileName},
            t.file_md5 = #{fileMD5},
            t.remark = #{remark},
            t.file_path = #{filePath},
            t.status = #{status},
            t.update_date = #{updateDate},
            t.update_by = #{updateBy}
        WHERE t.id = #{id}
    </update>

    <update id="publishAllRecommend" parameterType="int">
        UPDATE media_recommend set
            status = #{status}
    </update>

    <select id="findFileByMD5" parameterType="String" resultType="java.lang.String">
        SELECT file_path FROM media_recommend t where t.file_md5 = #{fileMD5}
          union all
            SELECT file_path FROM book_recommend b  WHERE b.file_md5 = #{fileMD5};
    </select>

</mapper>