<?xml version="1.0" encoding="UTF-8" ?>
<!DOCTYPE mapper PUBLIC "-//mybatis.org//DTD Mapper 3.0//EN" "http://mybatis.org/dtd/mybatis-3-mapper.dtd">

<mapper namespace="com.library.lis.mapper.NoticeMapper">

    <resultMap id="resultMap" type="com.library.lis.entity.Notice">
        <!--<result column="id" jdbcType="INTEGER" property="id" />-->
        <result column="content" jdbcType="VARCHAR" property="content" />
        <result column="create_time" jdbcType="TIMESTAMP" property="createTime" />
        <result column="create_by" jdbcType="VARCHAR" property="createBy" />
        <result column="update_time" jdbcType="TIMESTAMP" property="updateTime" />
        <result column="update_by" jdbcType="VARCHAR" property="updateBy" />
        <result column="status" jdbcType="INTEGER" property="status" />
    </resultMap>

    <insert id="insertNotice" useGeneratedKeys="true" >
        INSERT INTO notice ( content,status,create_by)
        VALUES ( #{content},#{status},#{createBy})
    </insert>

    <update id="saveNotice">
        UPDATE notice SET
        content = #{content} ,status = #{status}, update_time = #{updateTime} ,update_by = #{updateBy}
        WHERE id = #{id};
    </update>

    <update id="publishAllNotices">
        UPDATE notice SET
        <if test="isPublish == true">
          status = 1
        </if>
        <if test="isPublish == false">
            status = 0,
            update_time = null
        </if>
    </update>

    <select id="getList"  resultMap="resultMap">
        select * from notice
        <where>
            <if test="status >=0">
                status = #{status}
            </if>
        </where>
        ORDER BY create_time DESC
        <if test="limit != null">
            <if test="offset != null">
                limit ${offset}, ${limit}
            </if>
            <if test="offset == null">
                limit ${limit}
            </if>
        </if>;
    </select>


    <select id="getCount" resultType="java.lang.Integer">
        select  count(id)  from notice
    </select>


    <select id="findById"  resultMap="resultMap">
        select * from notice where id=#{id};
    </select>


</mapper>
