<?xml version="1.0" encoding="UTF-8" ?>
<!DOCTYPE mapper PUBLIC "-//mybatis.org//DTD Mapper 3.0//EN" "http://mybatis.org/dtd/mybatis-3-mapper.dtd">

<mapper namespace="com.library.lis.mapper.UserMapper">

    <resultMap id="resultMap" type="User">
        <result property="userName" column="user_name"/>
        <result property="idCard" column="id_card"/>
        <result property="delFlag" column="del_flag"/>
        <result property="createBy" column="create_by"/>
        <result property="createDate" column="create_date"/>
        <result property="updateBy" column="update_by"/>
        <result property="updateDate" column="update_date"/>
    </resultMap>


    <select id="getByUserName" parameterType="String" resultMap="resultMap">
        SELECT * FROM user t where t.user_name = #{userName};
    </select>

    <update id="modifyPwd" parameterType="User">
        UPDATE user t SET t.password = #{password} WHERE t.user_name = #{userName}
    </update>


</mapper>