<?xml version="1.0" encoding="UTF-8" ?>
<!DOCTYPE mapper PUBLIC "-//mybatis.org//DTD Mapper 3.0//EN" "http://mybatis.org/dtd/mybatis-3-mapper.dtd">

<mapper namespace="com.library.lis.mapper.VisitsTimesMapper">

    <resultMap id="resultMap" type="VisitsTimes">
        <result property="createBy" column="create_by"/>
        <result property="createDate" column="create_date"/>
        <result property="updateBy" column="update_by"/>
        <result property="updateDate" column="update_date"/>
    </resultMap>

    <select id="pageList" parameterType="com.library.common.Pager" resultMap="resultMap">
        SELECT * FROM visits_times t
        <where>
            <if test="data.month != null and data.month != ''">
                t.month = #{data.month}
            </if>
        </where>
        ORDER BY t.month DESC
        LIMIT #{start}, #{pageSize}
    </select>

    <select id="count" parameterType="com.library.common.Pager" resultType="int">
        SELECT count(1) FROM visits_times t
        <where>
            <if test="data.month != null and data.month != ''">
                t.month = #{data.month}
            </if>
        </where>
    </select>

    <select id="exist" parameterType="String" resultType="int">
        SELECT count(1) FROM visits_times t
        WHERE t.month = #{month}
    </select>

    <insert id="save" parameterType="com.library.lis.entity.VisitsTimes" useGeneratedKeys="true" keyProperty="id">
        INSERT INTO visits_times
                (month, times, create_date, create_by)
        VALUES (#{month},  #{times}, #{createDate}, #{createBy})
    </insert>

    <select id="findById" parameterType="long" resultMap="resultMap">
        SELECT *
        FROM visits_times t
        WHERE t.id = #{id};
    </select>

    <update id="update" parameterType="com.library.lis.entity.VisitsTimes">
        UPDATE visits_times t
        SET t.times = #{times},
            t.update_date = #{updateDate},
            t.update_by = #{updateBy}
        WHERE t.id = #{id}
    </update>

    <select id="findByYear" parameterType="String" resultMap="resultMap">
        SELECT *
        FROM visits_times t
        WHERE t.month like #{year};
    </select>

    <delete id="delete" parameterType="long">
            delete from visits_times where id = #{id}
    </delete>

</mapper>